キャッシュフロー,取引先,2025-01,2025-02,2025-03,2025-04,2025-05,2025-06,2025-07,2025-08,2025-09,2025-10,2025-11,2025-12,合計 (2025-01　~　2025-12),2026/01,2026/02,2026/03,2026/04,2026/05,2026/06,2026/07,2026/08,2026/09,2026/10,2026/11,2026/12,合計（202601~12）,
,株式会社日本経営総合研究所,¥0,"¥2,475,000","¥2,475,000","¥6,875,000","¥6,875,000",¥0,¥0,¥0,¥0,¥0,¥0,"¥1,070,000","¥19,770,000","¥1,070,000","¥1,070,000","¥1,070,000",,,,,,,,,,"¥3,210,000",
,株式会社日本経営総合研究所(保守運用),¥0,¥0,¥0,¥0,¥0,¥0,¥0,¥0,¥0,¥0,"¥150,000","¥150,000","¥300,000","¥150,000","¥225,000","¥225,000","¥225,000","¥225,000","¥225,000","¥225,000","¥225,000","¥225,000","¥225,000","¥225,000","¥225,000","¥2,625,000","¥5,835,000"
,ボンギンカン株式会社（Solvere等）,"¥1,320,000","¥660,000",¥0,¥0,"¥935,000","¥385,000","¥440,000","¥660,000","¥220,000","¥220,000","¥220,000","¥220,000","¥5,280,000",,,,,,,,,,,,,¥0,
,ボンギンカン株式会社(DXC),,,,,,,"¥1,232,000","¥1,232,000","¥1,232,000","¥2,200,000","¥2,200,000","¥2,200,000","¥10,296,000",,"¥2,200,000",,,,,,,,,,,"¥2,200,000",
,ボンギンカン株式会社（HTS）,,,,,,,,,,,¥0,"¥1,000,000","¥1,000,000",,"¥1,500,000",,,,,,,,,,,"¥1,500,000",
,ボンギンカン株式会社（複業クラウド）,,,,,,,,,,,,,,,"¥40,000","¥40,000","¥40,000","¥40,000","¥40,000","¥40,000","¥40,000","¥40,000","¥40,000","¥40,000","¥40,000","¥440,000",
,HTソリューション_SES,,,,,,,,,,,,,,,"¥500,000","¥500,000","¥500,000",,,,,,,,,"¥1,500,000",
,HTソリューション_SES,,,,,,,,,,,,,,,,"¥950,000","¥950,000","¥950,000",,,,,,,,"¥2,850,000",
,HTソリューション_SES_ファイルメーカー,,,,,,,,,,,,,,,,"¥700,000","¥700,000",,,,,,,,,"¥1,400,000","¥7,250,000"
,ビナテック株式会社,,,,,,,,,,,,,,,,,"¥1,370,000","¥1,370,000","¥1,370,000","¥1,370,000","¥1,370,000","¥1,370,000","¥1,370,000","¥1,370,000","¥1,370,000","¥12,330,000","¥16,440,000"
,株式会社レント,,,,,,,,,,,,,,,,,"¥1,090,000","¥1,080,000","¥1,080,000","¥1,090,000","¥1,080,000","¥1,080,000",,,,"¥6,500,000",
,株式会社Kiei,,,,,,,,,,,"¥825,000",¥0,"¥825,000",,,,,,,,,,,,,¥0,
,株式会社カトルセ,¥0,¥0,¥0,¥0,¥0,¥0,¥0,"¥866,250","¥866,250","¥866,250","¥866,250",¥0,"¥3,465,000",,,,,,,,,,,,,¥0,
,株式会社ストラスト,¥0,¥0,¥0,"¥1,650,000",¥0,¥0,¥0,¥0,¥0,¥0,¥0,¥0,"¥1,650,000",,,,,,,,,,,,,¥0,
,株式会社Faber Company,¥0,¥0,¥0,¥0,"¥110,000","¥220,000","¥220,000","¥220,000","¥220,000","¥220,000","¥220,000","¥220,000","¥1,650,000","¥200,000","¥200,000","¥200,000","¥200,000","¥200,000","¥200,000","¥200,000","¥200,000","¥200,000","¥200,000","¥200,000","¥200,000","¥2,400,000",
,一般社団法人エデュコ,¥0,"¥110,000","¥110,000","¥110,000","¥110,000","¥110,000","¥110,000","¥110,000","¥110,000","¥110,000","¥110,000","¥110,000","¥1,210,000","¥100,000","¥100,000","¥100,000","¥100,000","¥100,000","¥100,000","¥100,000","¥100,000","¥100,000","¥100,000","¥100,000","¥100,000","¥1,200,000",
,株式会社ROSSO,¥0,¥0,¥0,¥0,¥0,¥0,"¥330,000",¥0,¥0,¥0,¥0,¥0,"¥330,000",,,,,,,,,,,,,¥0,
,黒宮大貴,¥0,"¥275,000",¥0,¥0,¥0,¥0,¥0,¥0,¥0,¥0,¥0,¥0,"¥275,000",,,,,,,,,,,,,¥0,
,株式会社AIworker,¥0,¥0,¥0,¥0,"¥165,000",¥0,¥0,¥0,¥0,¥0,¥0,¥0,"¥165,000",,,,,,,,,,,,,¥0,
,永峯千加,¥0,¥0,¥0,"¥47,540",¥0,¥0,¥0,"¥47,540",¥0,¥0,¥0,¥0,"¥95,080",,,,,,,,,,,,,¥0,
,ファンブック株式会社,"¥66,000",¥0,¥0,¥0,¥0,¥0,¥0,¥0,¥0,¥0,¥0,¥0,"¥66,000",,,,,,,,,,,,,¥0,
,売上合計,"¥1,386,000","¥3,520,000","¥2,585,000","¥8,682,540","¥8,195,000","¥715,000","¥2,332,000","¥3,135,790","¥2,648,250","¥3,616,250","¥4,591,250","¥4,970,000","¥46,377,080","¥1,520,000","¥5,835,000","¥3,785,000","¥5,175,000","¥3,965,000","¥3,015,000","¥3,025,000","¥3,015,000","¥3,015,000","¥1,935,000","¥1,935,000","¥1,935,000","¥38,155,000",
広告宣伝費,発注ナビ株式会社,"-¥495,000","-¥198,000","-¥891,000","-¥198,000","-¥297,000","-¥99,000",¥0,"-¥99,000",¥0,¥0,¥0,¥0,"-¥2,277,000",,,,,,,,,,,,,,
外注費,FoundDesign 岡田,"-¥1,581",¥0,¥0,¥0,¥0,¥0,¥0,¥0,¥0,¥0,¥0,¥0,"-¥1,581",,,,,,,,,,,,,,
,赤堀堂馬,¥0,¥0,¥0,¥0,¥0,¥0,"-¥11,000",¥0,¥0,¥0,¥0,¥0,"-¥11,000",,,,,,,,,,,,,,
,マイス株式会社,¥0,¥0,¥0,"-¥275,000",¥0,¥0,¥0,¥0,¥0,¥0,¥0,¥0,"-¥275,000",,,,,,,,,,,,,,
,DORIRU株式会社,"-¥363,000",¥0,¥0,¥0,¥0,¥0,¥0,¥0,¥0,¥0,¥0,¥0,"-¥363,000",,,,,,,,,,,,,,
,井手弘達税理士事務所,"-¥85,800","-¥272,800","-¥63,800","-¥52,800","-¥52,800","-¥52,800","-¥52,800","-¥52,800","-¥52,800","-¥52,800","-¥52,800","-¥52,800","-¥897,600",,,,,,,,,,,,,,
,株式会社Flagline,"-¥264,000","-¥264,000","-¥264,000","-¥599,500","-¥599,500","-¥599,500","-¥599,500","-¥531,300","-¥525,800",¥0,¥0,¥0,"-¥4,247,100",,,,,,,,,,,,,,
,塩見さん,¥0,¥0,¥0,¥0,¥0,¥0,¥0,¥0,¥0,¥0,¥0,¥0,¥0,,,,,,,,,,,,,,
,ライフ輸入オフィス,¥0,¥0,"-¥880,000","-¥1,292,500","-¥1,980,000","-¥1,980,000","-¥1,100,000",¥0,"-¥750,000",¥0,¥0,¥0,"-¥7,982,500",,,,,,,,,,,,,,
,長島陸温,,,,,,,,,,"-¥220,000","-¥605,000","-¥220,000","-¥1,045,000",,,,,,,,,,,,,,
,徳梅辰郎,¥0,¥0,¥0,¥0,¥0,¥0,¥0,¥0,¥0,"-¥95,000","-¥300,000","-¥300,000","-¥695,000",,,,,,,,,,,,,,
,初村秀仁,¥0,¥0,¥0,¥0,¥0,¥0,¥0,¥0,"-¥330,000","-¥585,000","-¥585,000",¥0,"-¥1,500,000",,,,,,,,,,,,,,
,上田輝,¥0,¥0,¥0,¥0,¥0,¥0,¥0,¥0,"-¥200,000","-¥200,000","-¥200,000","-¥200,000","-¥800,000",,,,,,,,,,,,,,
,シーワークス,¥0,¥0,¥0,¥0,¥0,"-¥82,500","-¥82,500","-¥82,500","-¥82,500","-¥82,500","-¥82,500","-¥82,500","-¥577,500",,,,,,,,,,,,,,
,永松光平,"-¥231,000",¥0,¥0,¥0,¥0,¥0,¥0,¥0,¥0,¥0,¥0,¥0,"-¥231,000",,,,,,,,,,,,,,
,三宅坂総合法律事務所,¥0,¥0,¥0,"-¥33,000",¥0,¥0,¥0,¥0,¥0,¥0,¥0,¥0,"-¥33,000",,,,,,,,,,,,,,
,株式会社AsetZ,¥0,¥0,"-¥55,000","-¥55,000","-¥55,000","-¥55,000","-¥55,000","-¥55,000","-¥55,000","-¥55,000","-¥55,000","-¥55,000","-¥550,000",,,,,,,,,,,,,,
,桑島陽斗,¥0,¥0,¥0,¥0,¥0,"-¥10,000",¥0,"-¥102,000","-¥79,000","-¥50,000","-¥50,000","-¥50,000","-¥341,000",,,,,,,,,,,,,,
,株式会社Another works,¥0,¥0,¥0,¥0,¥0,¥0,"-¥86,911","-¥86,900","-¥86,900","-¥86,900","-¥86,900","-¥86,900","-¥521,411",,,,,,,,,,,,,,
,株式会社スリーエース,¥0,¥0,¥0,¥0,¥0,¥0,"-¥4,800",¥0,¥0,¥0,¥0,¥0,"-¥4,800",,,,,,,,,,,,,,
,さくらインターネット株式会社,¥0,"-¥7,700",¥0,¥0,¥0,¥0,¥0,¥0,¥0,¥0,¥0,¥0,"-¥7,700",,,,,,,,,,,,,,
,freee株式会社,¥0,¥0,¥0,"-¥4,290",¥0,"-¥4,290",¥0,¥0,¥0,¥0,¥0,¥0,"-¥8,580",,,,,,,,,,,,,,
,細金恒希事務所,"-¥10,800",¥0,¥0,¥0,¥0,¥0,¥0,¥0,¥0,¥0,¥0,¥0,"-¥10,800",,,,,,,,,,,,,,
,一般社団法人ABLab,"-¥5,000","-¥5,000","-¥5,000","-¥5,000","-¥5,000","-¥5,000","-¥5,000","-¥5,000","-¥5,000","-¥5,000","-¥5,000","-¥5,000","-¥60,000",,,,,,,,,,,,,,
,株式会社NXワンビシアーカイブズ,¥0,¥0,¥0,¥0,¥0,"-¥66,000",¥0,¥0,¥0,¥0,¥0,¥0,"-¥66,000",,,,,,,,,,,,,,
,日本XREAL株式会社,¥0,¥0,"-¥69,980",¥0,¥0,¥0,¥0,¥0,¥0,¥0,¥0,¥0,"-¥69,980",,,,,,,,,,,,,,
,ネクストイノベーション経営者倶楽部,"-¥13,000","-¥13,000","-¥13,000","-¥13,000","-¥13,000","-¥13,000","-¥13,000","-¥13,000","-¥13,000","-¥13,000","-¥13,000","-¥13,000","-¥156,000",,,,,,,,,,,,,,
,エリアリンク株式会社,"-¥84,892","-¥84,892","-¥84,892","-¥86,047","-¥84,892","-¥87,780","-¥84,892","-¥84,892","-¥84,892","-¥84,892",¥0,¥0,"-¥852,963",,,,,,,,,,,,,,
,未選択,"-¥685,447","-¥686,856","-¥707,906","-¥811,218","-¥742,372","-¥866,556","-¥914,190","-¥288,673","-¥800,000","-¥800,000","-¥800,000","-¥800,000","-¥8,903,218",,,,,,,,,,,,,,
,支出合計,"-¥1,744,520","-¥1,334,248","-¥2,143,578","-¥3,227,355","-¥3,532,564","-¥3,822,426","-¥3,009,593","-¥1,302,065","-¥3,064,892","-¥2,330,092","-¥2,835,200","-¥1,865,200","-¥30,211,733",,,,,,,,,,,,,,
,合計,"-¥853,520","¥1,987,752","-¥449,578","¥5,257,185","¥4,365,436","-¥3,206,426","-¥677,593","¥1,734,725","-¥416,642","¥1,286,158","¥1,756,050","¥3,104,800","¥13,888,347",29.95%,,,,,,,,,,,,,